# The applang corpus: each program in the repo that compiles and shows a widget, once
# by the FNV-1a 64 hash of its text, and the variants of each (names renamed, states
# reordered) that compile too. runs: no fault on smoke seeds 1 to 3, icon drawable.
# held: measured, never trained on. Derived: `cargo run -p compusophy-lab --release
# -- corpus` writes it; never edit it by hand.
# 570 programs: 100 found, 470 variants; 391 run clean; 69 held out.
hash	bytes	lines	runs	split	of	how	from
0212d8182e34d23f	98	1	runs	train	-	-	programs/applang-syntax/src/tests.rs:270
4e92d9889daf9ee5	100	1	runs	train	0212d8182e34d23f	rename#1	-
af487ed91eee6961	118	1	runs	train	0212d8182e34d23f	rename#2	-
6872f1bfd9f49721	106	1	runs	train	0212d8182e34d23f	rename#3	-
bd998b5ebde95151	102	1	runs	train	0212d8182e34d23f	rename#4	-
6392cb82e4c72613	100	1	runs	train	0212d8182e34d23f	rename#5	-
3344774e9c5950a7	100	1	runs	train	0212d8182e34d23f	rename#6	-
6280b9896541c177	108	1	runs	train	0212d8182e34d23f	rename#7	-
04247cb2f47d2d95	107	4	faults	train	-	-	programs/studio/src/tests.rs:893
87465db2dcf91c91	113	4	faults	train	04247cb2f47d2d95	rename#1	-
0220d7103ff5f97d	131	4	faults	train	04247cb2f47d2d95	rename#2	-
923234168a47a28b	125	4	faults	train	04247cb2f47d2d95	rename#3	-
19af870117332a21	131	4	faults	train	04247cb2f47d2d95	rename#4	-
4bc91c06247aeb51	119	4	faults	train	04247cb2f47d2d95	rename#5	-
4a34f6081d67c2b9	125	4	faults	train	04247cb2f47d2d95	rename#6	-
7d6796d6761fc60d	131	4	faults	train	04247cb2f47d2d95	rename#7	-
05be914ead5da387	49	1	runs	train	-	-	programs/applang/src/tests.rs:82
82523bbfeae02e65	49	1	runs	train	05be914ead5da387	rename#1	-
e9d4daed4204ae6d	52	1	runs	train	05be914ead5da387	rename#2	-
f508050ebce2de85	52	1	runs	train	05be914ead5da387	rename#3	-
d3a0875bc1a149e1	46	1	runs	train	05be914ead5da387	rename#4	-
eccab09991129bb8	40	1	runs	train	05be914ead5da387	rename#5	-
d616123988d330a6	52	1	runs	train	05be914ead5da387	rename#6	-
816031f9b417d28b	40	1	runs	train	05be914ead5da387	rename#7	-
07f0cfb0c9b0880a	212	4	runs	train	-	-	programs/studio/src/tests.rs:793
5352667228014ded	209	4	runs	train	07f0cfb0c9b0880a	rename#1	-
36f5db3b6e6e708d	207	4	runs	train	07f0cfb0c9b0880a	rename#2	-
f0ef6e15bf4a9120	206	4	runs	train	07f0cfb0c9b0880a	rename#3	-
41c5b7310e18d942	222	4	runs	train	07f0cfb0c9b0880a	rename#4	-
53634f7095e81aad	228	4	runs	train	07f0cfb0c9b0880a	rename#5	-
86e679aa6d79405f	210	4	runs	train	07f0cfb0c9b0880a	rename#6	-
9d28ad8e200a1413	207	4	runs	train	07f0cfb0c9b0880a	rename#7	-
09e3bcb8b3426833	39	2	runs	train	-	-	programs/studio/src/tests.rs:605
1af1b82904e47b17	35	2	runs	train	09e3bcb8b3426833	rename#1	-
3364faf2b7d4d243	37	2	runs	train	09e3bcb8b3426833	rename#2	-
c41bfa668263afbb	39	2	runs	train	09e3bcb8b3426833	rename#3	-
99fb0973d29ca9d1	37	2	runs	train	09e3bcb8b3426833	rename#4	-
5b892a09aaa2b60b	31	2	runs	train	09e3bcb8b3426833	rename#5	-
6c1809f130a44f27	37	2	runs	train	09e3bcb8b3426833	rename#6	-
09f1e14e4f018fa9	143	1	runs	train	-	-	programs/applang-syntax/src/tests.rs:266
a6c79785c17be11b	157	1	runs	train	09f1e14e4f018fa9	rename#1	-
9af250ac43f7327b	153	1	runs	train	09f1e14e4f018fa9	rename#2	-
58987c0af1bc3076	149	1	runs	train	09f1e14e4f018fa9	rename#3	-
aa06b9341c66d4b1	156	1	runs	train	09f1e14e4f018fa9	rename#4	-
939f30bdba68604f	155	1	runs	train	09f1e14e4f018fa9	rename#5	-
1199bbdbfaee544c	150	1	runs	train	09f1e14e4f018fa9	rename#6	-
4db506d98f26d0ac	148	1	runs	train	09f1e14e4f018fa9	rename#7	-
0a20be91f3deb6e6	22	2	runs	train	-	-	crates/ui/src/tests.rs:635
0cad0c91bbcaf1c2	3669	157	runs	train	-	-	programs/coder/tests/fixtures/tetris-2.txt:2
d74f6775670fb96c	3669	157	runs	train	0cad0c91bbcaf1c2	rename#1	-
19fecd2a969bdfeb	3747	157	runs	train	0cad0c91bbcaf1c2	rename#2	-
8d1014c266713eae	3631	157	runs	train	0cad0c91bbcaf1c2	rename#3	-
fd4589518895444c	3712	157	runs	train	0cad0c91bbcaf1c2	rename#4	-
7f8e2089c90ffffc	3731	157	runs	train	0cad0c91bbcaf1c2	rename#5	-
98b36157ce814d8b	3535	157	runs	train	0cad0c91bbcaf1c2	rename#6	-
480e011f714aabee	3673	157	runs	train	0cad0c91bbcaf1c2	rename#7	-
0d1b062fc873eb39	162	1	runs	train	-	-	programs/applang/src/tests.rs:666
0d2dcf5fcbb5133e	51	2	runs	held	-	-	programs/coder/src/tests.rs:186
72adb948ad19e362	54	2	runs	held	0d2dcf5fcbb5133e	rename#1	-
aa1251ea80ce9c26	52	2	runs	held	0d2dcf5fcbb5133e	rename#2	-
6c25b7ce2b5fa786	55	2	runs	held	0d2dcf5fcbb5133e	rename#3	-
99b48e35ec6b0704	53	2	runs	held	0d2dcf5fcbb5133e	rename#4	-
afda436f8f234edc	54	2	runs	held	0d2dcf5fcbb5133e	rename#5	-
3c3e715713ab9654	56	2	runs	held	0d2dcf5fcbb5133e	rename#6	-
3200c7772b87d2dd	54	2	runs	held	0d2dcf5fcbb5133e	rename#7	-
0f500136bfd1f369	59	4	runs	train	-	-	programs/studio/src/tests.rs:383
588da7fa627956fd	59	4	runs	train	0f500136bfd1f369	rename#1	-
f9d24be798390113	65	4	runs	train	0f500136bfd1f369	rename#2	-
4e1b01c4f21a2629	67	4	runs	train	0f500136bfd1f369	rename#3	-
7f46bf624833e43d	59	4	runs	train	0f500136bfd1f369	rename#4	-
9b6bafde9339d551	59	4	runs	train	0f500136bfd1f369	rename#5	-
3d797ba2a44e238d	59	4	runs	train	0f500136bfd1f369	rename#6	-
184d17ff3f881ce7	61	4	runs	train	0f500136bfd1f369	rename#7	-
1020a509db51ac8d	213	7	runs	train	-	-	programs/applang/src/tests.rs:46
e4fa3558cf842817	189	7	runs	train	1020a509db51ac8d	rename#1	-
68565bd41a8b5395	189	7	runs	train	1020a509db51ac8d	rename#2	-
44419499fc38fe43	219	7	runs	train	1020a509db51ac8d	rename#3	-
b11030209ca2dcff	189	7	runs	train	1020a509db51ac8d	rename#4	-
9aeafd28a3325dc7	213	7	runs	train	1020a509db51ac8d	rename#5	-
982ebe1d263c4cef	213	7	runs	train	1020a509db51ac8d	rename#6	-
42fbd5ff60e986e9	213	7	runs	train	1020a509db51ac8d	rename#7	-
146694a15b452066	17	2	runs	held	-	-	programs/coder/src/tests.rs:279
183c72945f769543	40	4	runs	train	-	-	programs/coder/src/tests.rs:202
193dc145d512c886	185	2	runs	train	-	-	programs/applang/src/tests.rs:609
a408d59666064c26	219	2	runs	train	193dc145d512c886	rename#1	-
3a7f6aad624611b9	217	2	runs	train	193dc145d512c886	rename#2	-
6f8f1ddba11f2d9a	200	2	runs	train	193dc145d512c886	rename#3	-
d0341c8362baf176	208	2	runs	train	193dc145d512c886	rename#4	-
f9107891e2a5b0cd	218	2	runs	train	193dc145d512c886	rename#5	-
6e8eaaf24fff191c	203	2	runs	train	193dc145d512c886	rename#6	-
c6820e4bc82fe3ce	209	2	runs	train	193dc145d512c886	rename#7	-
1997e1f7b9ec04c0	32	5	runs	held	-	-	crates/text/src/tests.rs:399
19bb87780f3ee70d	96	2	runs	train	-	-	programs/applang/src/tests.rs:334
27981671d09c66aa	104	2	runs	train	19bb87780f3ee70d	rename#1	-
2d14e5628e2382ee	98	2	runs	train	19bb87780f3ee70d	rename#2	-
8a3b5f9746c4727c	108	2	runs	train	19bb87780f3ee70d	rename#3	-
9e0932be241575b3	101	2	runs	train	19bb87780f3ee70d	rename#4	-
68ea846f5c7ae7a4	108	2	runs	train	19bb87780f3ee70d	rename#5	-
f575f82ff75b0a5b	99	2	runs	train	19bb87780f3ee70d	rename#6	-
2c81e6fcaeae568b	101	2	runs	train	19bb87780f3ee70d	rename#7	-
1b4241e19d6baee4	73	1	faults	train	-	-	programs/applang-syntax/src/tests.rs:334
d05c2e3744973433	89	1	faults	train	1b4241e19d6baee4	rename#1	-
341b6eae2071dde4	83	1	faults	train	1b4241e19d6baee4	rename#2	-
dd525ea9e522e90c	91	1	faults	train	1b4241e19d6baee4	rename#3	-
955453c00a82e8d2	84	1	faults	train	1b4241e19d6baee4	rename#4	-
43df9f5033b5b5d3	88	1	faults	train	1b4241e19d6baee4	rename#5	-
3e7a8d260ab6a5f3	90	1	faults	train	1b4241e19d6baee4	rename#6	-
7768d1dba681c76e	93	1	faults	train	1b4241e19d6baee4	rename#7	-
1e8ae548fc0229ab	305	6	faults	train	-	-	programs/applang/src/tests.rs:190
24e73d72835d1bd6	328	6	faults	train	1e8ae548fc0229ab	rename#1	-
bbe9dbf87de4d568	333	6	faults	train	1e8ae548fc0229ab	rename#2	-
d2381a8fd540c6d9	307	6	faults	train	1e8ae548fc0229ab	rename#3	-
c8913dc3029c18b5	316	6	faults	train	1e8ae548fc0229ab	rename#4	-
ab9d71a4630fbb9e	341	6	faults	train	1e8ae548fc0229ab	rename#5	-
fcbff66fe2927db3	333	6	faults	train	1e8ae548fc0229ab	rename#6	-
dd9db228f9462740	337	6	faults	train	1e8ae548fc0229ab	rename#7	-
1f0931d3a58c1751	161	6	faults	train	-	-	programs/studio/src/tests.rs:450
d117d5e511940be9	201	6	faults	train	1f0931d3a58c1751	rename#1	-
067aaf714d5d5f05	161	6	faults	train	1f0931d3a58c1751	rename#2	-
4096236c059fa5ed	171	6	faults	train	1f0931d3a58c1751	rename#3	-
3b9aa11b2329e2fd	201	6	faults	train	1f0931d3a58c1751	rename#4	-
51660e1d523b3427	191	6	faults	train	1f0931d3a58c1751	rename#5	-
40ce68c00e72a57f	191	6	faults	train	1f0931d3a58c1751	rename#6	-
1a7b2ae497a84dbd	201	6	faults	train	1f0931d3a58c1751	rename#7	-
235cca978c7df363	83	1	runs	train	-	-	programs/applang-syntax/src/tests.rs:274
b2599ac51d77020d	85	1	runs	train	235cca978c7df363	rename#1	-
62ae41e68be9ef6b	85	1	runs	train	235cca978c7df363	rename#2	-
bec2873e30cd58c5	85	1	runs	train	235cca978c7df363	rename#3	-
b3a112daf95f0b9f	91	1	runs	train	235cca978c7df363	rename#4	-
2d97c78320d0f1c3	89	1	runs	train	235cca978c7df363	rename#5	-
a4b2a722da4030cd	91	1	runs	train	235cca978c7df363	rename#6	-
2c63e08dabd9d551	87	1	runs	train	235cca978c7df363	rename#7	-
25bf26800ad8c482	158	2	runs	train	-	-	programs/applang/src/tests.rs:294
075b232ab90030c9	157	2	runs	train	25bf26800ad8c482	rename#1	-
c4158abf3755f650	156	2	runs	train	25bf26800ad8c482	rename#2	-
e6dbfe9c3f5fff3f	148	2	runs	train	25bf26800ad8c482	rename#3	-
700a1f9e62ab5a7f	150	2	runs	train	25bf26800ad8c482	rename#4	-
d03907a911c1ce0a	152	2	runs	train	25bf26800ad8c482	rename#5	-
cc142ab265ff05d5	158	2	runs	train	25bf26800ad8c482	rename#6	-
a3a6b991c4ddd25f	146	2	runs	train	25bf26800ad8c482	rename#7	-
27db2f990c371f94	29	3	runs	train	-	-	crates/text/src/tests.rs:403,crates/text/src/tests.rs:404,crates/text/src/tests.rs:405
290b601e37bbcdff	25	1	faults	train	-	-	programs/applang/src/tests.rs:241
2bbfad14b9ed97d4	17	1	runs	train	-	-	programs/studio/src/tests.rs:528
2c3dfb4603abea4e	188	3	runs	train	-	-	programs/applang/src/tests.rs:317
bb33298e0b6ac7ce	187	3	runs	train	2c3dfb4603abea4e	rename#1	-
b5c9d8015c3886b2	186	3	runs	train	2c3dfb4603abea4e	rename#2	-
d997e9b4dae281f5	175	3	runs	train	2c3dfb4603abea4e	rename#3	-
dabf6b34f0d667d7	175	3	runs	train	2c3dfb4603abea4e	rename#4	-
a575c5ce82d10047	171	3	runs	train	2c3dfb4603abea4e	rename#5	-
cc1555d985bbf909	181	3	runs	train	2c3dfb4603abea4e	rename#6	-
11e09d013edf261b	187	3	runs	train	2c3dfb4603abea4e	rename#7	-
2df251d570504b5f	94	1	faults	train	-	-	programs/applang/src/tests.rs:134
7c764aeae82bea6f	106	1	faults	train	2df251d570504b5f	rename#1	-
9e541866c9f48827	106	1	faults	train	2df251d570504b5f	rename#2	-
eefdc5aa7569f906	103	1	faults	train	2df251d570504b5f	rename#3	-
f78754940bc4bcff	106	1	faults	train	2df251d570504b5f	rename#4	-
6679694ba19b5192	103	1	faults	train	2df251d570504b5f	rename#5	-
2996e189f718f0ad	109	1	faults	train	2df251d570504b5f	rename#6	-
4a083c9fe9c9a772	97	1	faults	train	2df251d570504b5f	rename#7	-
30ac0a27813e212d	15	1	faults	train	-	-	programs/applang/src/tests.rs:241
3377a1c9ec31b057	44	1	runs	train	-	-	programs/coder/src/tests.rs:366
3933a9c53300f21d	13	1	faults	train	-	-	programs/applang/src/tests.rs:241
3b8e8d231558e44e	4522	157	runs	train	-	-	programs/applang/tests/tetris.app:1
5c140e1ef2aa0345	5073	157	runs	train	3b8e8d231558e44e	rename#1	-
290d1bb483dbcc32	4872	157	runs	train	3b8e8d231558e44e	rename#2	-
a8646b531a924d58	4973	157	runs	train	3b8e8d231558e44e	rename#3	-
bfa3c7196fc6153c	4991	157	runs	train	3b8e8d231558e44e	rename#4	-
59d31d6069e7359e	5132	157	runs	train	3b8e8d231558e44e	rename#5	-
ce016a7a0a793aee	4979	157	runs	train	3b8e8d231558e44e	rename#6	-
f72907875f16300c	5243	157	runs	train	3b8e8d231558e44e	rename#7	-
3f714921e07ff57e	53	6	runs	train	-	-	programs/coder/src/tests.rs:298
427c5cfd1413cdc5	64	6	runs	train	3f714921e07ff57e	rename#1	-
05f98021b139ef21	73	6	runs	train	3f714921e07ff57e	rename#2	-
293e81d87b7270d6	57	6	runs	train	3f714921e07ff57e	rename#3	-
a137d2b1c8694659	56	6	runs	train	3f714921e07ff57e	rename#4	-
ee339d2630c9e1f8	61	6	runs	train	3f714921e07ff57e	rename#5	-
01cc381b66ec53b3	71	6	runs	train	3f714921e07ff57e	rename#6	-
cef00c5222cb83f4	67	6	runs	train	3f714921e07ff57e	rename#7	-
4235e5a7ae3f5551	25	2	runs	train	-	-	programs/coder/src/tests.rs:201
42cf19d77e263a59	1760	64	runs	train	-	-	programs/applang/shots/catch.app:1
1ac8c80015a03824	1722	64	runs	train	42cf19d77e263a59	rename#1	-
869049fc726e3113	1847	64	runs	train	42cf19d77e263a59	rename+states#2	-
dfcae983bd710456	1758	64	runs	train	42cf19d77e263a59	rename#3	-
075ad02bb12289e8	1736	64	runs	train	42cf19d77e263a59	rename+states#4	-
cd3082dbe9a9b01c	1799	64	runs	train	42cf19d77e263a59	rename#5	-
9e5ee8e06ae31238	1809	64	runs	train	42cf19d77e263a59	rename+states#6	-
f2a3c4385e3c393e	1794	64	runs	train	42cf19d77e263a59	rename#7	-
432610e1d350e9be	72	1	faults	held	-	-	programs/applang/src/tests.rs:518
1f812e604f6610f1	78	1	faults	held	432610e1d350e9be	rename#1	-
bd040f796b1b0beb	69	1	faults	held	432610e1d350e9be	rename#2	-
3dc9effce215ea36	72	1	faults	held	432610e1d350e9be	rename#3	-
926bd53faf6645bd	78	1	faults	held	432610e1d350e9be	rename#4	-
f723677f3da7d13f	78	1	faults	held	432610e1d350e9be	rename#5	-
656ec0bed83ffad3	81	1	faults	held	432610e1d350e9be	rename#6	-
06aaa51a85852603	84	1	faults	held	432610e1d350e9be	rename#7	-
483630be6530b52a	229	3	runs	train	-	-	programs/studio/src/tests.rs:826
04a74c3c8e8d5d70	231	3	runs	train	483630be6530b52a	rename#1	-
8f9f77a464e84740	233	3	runs	train	483630be6530b52a	rename#2	-
3f6ba5a191f2cf88	227	3	runs	train	483630be6530b52a	rename#3	-
c020035c048b9748	229	3	runs	train	483630be6530b52a	rename#4	-
a2369cfa7f7d0ce0	227	3	runs	train	483630be6530b52a	rename#5	-
c5d66ec19a938428	223	3	runs	train	483630be6530b52a	rename#6	-
493e9a54c800cba8	227	3	runs	train	483630be6530b52a	rename#7	-
4c351afc3ceb5ff2	12	1	runs	train	-	-	programs/studio/src/tests.rs:955
4edfa4d57aee997c	180	2	runs	held	-	-	programs/applang-syntax/src/tests.rs:132
9cdcaec2ee2220f7	182	2	runs	held	4edfa4d57aee997c	rename#1	-
7f7b36d1344f9f56	191	2	runs	held	4edfa4d57aee997c	rename#2	-
9a63f1d5cbc9dd33	187	2	runs	held	4edfa4d57aee997c	rename#3	-
d5adc18dcf5de6b4	176	2	runs	held	4edfa4d57aee997c	rename#4	-
cf88f2e6e9df1f69	191	2	runs	held	4edfa4d57aee997c	rename#5	-
0cc8368b901d2bda	193	2	runs	held	4edfa4d57aee997c	rename#6	-
5d3b3051c3af4b63	196	2	runs	held	4edfa4d57aee997c	rename#7	-
4f067290be5b6be2	9	1	runs	train	-	-	crates/text/src/tests.rs:397,programs/studio/src/tests.rs:636,programs/studio/src/tests.rs:639,programs/studio/src/tests.rs:643
524d83af32abbe88	133	1	runs	train	-	-	programs/applang-syntax/src/tests.rs:276
ee4d82b9e2d3fcb5	161	1	runs	train	524d83af32abbe88	rename#1	-
b09a75733b2ea62b	159	1	runs	train	524d83af32abbe88	rename#2	-
12d5d1f9fbb68212	142	1	runs	train	524d83af32abbe88	rename#3	-
36b0191f56a18d57	170	1	runs	train	524d83af32abbe88	rename#4	-
36af428f6c348fdb	152	1	runs	train	524d83af32abbe88	rename#5	-
d0d2e2537fcf8ea7	164	1	runs	train	524d83af32abbe88	rename#6	-
d66350f695e5a8d9	154	1	runs	train	524d83af32abbe88	rename#7	-
5526c03edf108c36	190	9	runs	held	-	-	programs/studio/src/tests.rs:37
6751faa1a9f54968	166	9	runs	held	5526c03edf108c36	rename#1	-
5228c5303bcf1968	174	9	runs	held	5526c03edf108c36	rename#2	-
1fbf1a287a96eb1a	166	9	runs	held	5526c03edf108c36	rename#3	-
25f10c4c24fd86cc	186	9	runs	held	5526c03edf108c36	rename#4	-
12f904d9126143bc	190	9	runs	held	5526c03edf108c36	rename#5	-
3ec6a4b5c3a06cb4	190	9	runs	held	5526c03edf108c36	rename+states#6	-
9ce4f84d310e5876	182	9	runs	held	5526c03edf108c36	rename#7	-
57ed1590c3775ca3	9	1	runs	train	-	-	programs/coder/src/tests.rs:190,programs/coder/src/tests.rs:189,programs/coder/src/tests.rs:192,programs/coder/src/tests.rs:191,programs/coder/src/tests.rs:263,programs/coder/src/tests.rs:262,programs/coder/src/tests.rs:264,programs/coder/src/tests.rs:273,programs/coder/src/tests.rs:284,programs/coder/src/tests.rs:495,programs/studio/src/tests.rs:927,programs/studio/src/tests.rs:933,programs/studio/src/tests.rs:953,programs/studio/src/tests.rs:964,programs/studio/src/tests.rs:965
5a60c610275d83a6	13	1	runs	train	-	-	programs/coder/tests/proxy.rs:69
5b1c3a109c28984d	2827	111	runs	train	-	-	programs/applang/shots/snake.app:1
53ec6c96508295cb	2966	111	runs	train	5b1c3a109c28984d	rename#1	-
78b72153804ca2c0	3033	111	runs	train	5b1c3a109c28984d	rename#2	-
0cd7ccb9420136ba	2989	111	runs	train	5b1c3a109c28984d	rename#3	-
228e7c857836c351	2907	111	runs	train	5b1c3a109c28984d	rename#4	-
eba49e7c1b63c4f1	2967	111	runs	train	5b1c3a109c28984d	rename#5	-
6dbf49e947e82bac	2966	111	runs	train	5b1c3a109c28984d	rename#6	-
4cf957d9f7d0cc27	2963	111	runs	train	5b1c3a109c28984d	rename#7	-
5c23e174f4301e6e	111	2	runs	held	-	-	programs/studio/src/tests.rs:873
b8963ecd75e0b2b6	126	2	runs	held	5c23e174f4301e6e	rename#1	-
1811ceda7cd135b6	129	2	runs	held	5c23e174f4301e6e	rename#2	-
5390703e4778463b	132	2	runs	held	5c23e174f4301e6e	rename#3	-
bbb1d536950a3e4e	132	2	runs	held	5c23e174f4301e6e	rename#4	-
4d76c4ead462602b	123	2	runs	held	5c23e174f4301e6e	rename#5	-
77cf900450369c56	135	2	runs	held	5c23e174f4301e6e	rename#6	-
ea3a3ddfe6d33977	135	2	runs	held	5c23e174f4301e6e	rename#7	-
5cb2e94bb10fd626	1149	35	runs	train	-	-	programs/applang/tests/paint.app:1
df3deed4162ea554	1193	35	runs	train	5cb2e94bb10fd626	rename#1	-
8db4059c72759c38	1203	35	runs	train	5cb2e94bb10fd626	rename#2	-
258f88fd7cc37143	1170	35	runs	train	5cb2e94bb10fd626	rename#3	-
8d01d8f45a38f951	1168	35	runs	train	5cb2e94bb10fd626	rename#4	-
3702a29e3704fbf6	1199	35	runs	train	5cb2e94bb10fd626	rename#5	-
c648ffa3df685380	1191	35	runs	train	5cb2e94bb10fd626	rename#6	-
de59c7cae1c1a82a	1183	35	runs	train	5cb2e94bb10fd626	rename#7	-
5d9ea95441805e80	82	5	runs	train	-	-	programs/coder/src/tests.rs:11
ea166146a506d567	88	5	runs	train	5d9ea95441805e80	rename#1	-
288e98753a403bb6	100	5	runs	train	5d9ea95441805e80	rename#2	-
a1a1d257d2f23043	85	5	runs	train	5d9ea95441805e80	rename#3	-
05b2343178573f01	85	5	runs	train	5d9ea95441805e80	rename#4	-
c8a85d5ba3a74401	82	5	runs	train	5d9ea95441805e80	rename#5	-
fe029cec90c54b85	88	5	runs	train	5d9ea95441805e80	rename#6	-
60d5c11de8a8f7cd	3602	133	runs	train	-	-	programs/applang/tests/blocks.app:1
bdbcb99765ccb67b	3708	133	runs	train	60d5c11de8a8f7cd	rename#1	-
dddc947b4d9296da	3760	133	runs	train	60d5c11de8a8f7cd	rename#2	-
46f0bd63ff8b48f6	3693	133	runs	train	60d5c11de8a8f7cd	rename#3	-
0953912a65d67980	3641	133	runs	train	60d5c11de8a8f7cd	rename#4	-
2695896e6a3e26a0	3689	133	runs	train	60d5c11de8a8f7cd	rename#5	-
1f623ffd42629bbd	3687	133	runs	train	60d5c11de8a8f7cd	rename#6	-
845874b514e4331e	3621	133	runs	train	60d5c11de8a8f7cd	rename#7	-
62b376d3dfb2d37d	874	15	faults	train	-	-	programs/applang/src/tests.rs:144
0ffa4d7866a5cc00	921	15	faults	train	62b376d3dfb2d37d	rename#1	-
ed7a83dca92b89ea	949	15	faults	train	62b376d3dfb2d37d	rename#2	-
04116aa1e278b5e5	891	15	faults	train	62b376d3dfb2d37d	rename#3	-
306cadeac23db1b0	902	15	faults	train	62b376d3dfb2d37d	rename#4	-
a7dbebe0cd0ccf0d	942	15	faults	train	62b376d3dfb2d37d	rename#5	-
22e61bb465a309a8	931	15	faults	train	62b376d3dfb2d37d	rename#6	-
7b5a0ff3e12a5c3a	937	15	faults	train	62b376d3dfb2d37d	rename#7	-
67c6c433bcae92dc	32	1	runs	train	-	-	programs/applang/src/tests.rs:330
acc079acf2b25cd2	36	1	runs	train	67c6c433bcae92dc	rename#1	-
e56446052670f12c	30	1	runs	train	67c6c433bcae92dc	rename#2	-
d10d4d4d102078ee	36	1	runs	train	67c6c433bcae92dc	rename#3	-
f22ff8db36d243ec	30	1	runs	train	67c6c433bcae92dc	rename#4	-
a92fc0132225ae14	30	1	runs	train	67c6c433bcae92dc	rename#5	-
e4293fcea5bcff0c	34	1	runs	train	67c6c433bcae92dc	rename#6	-
286f75792c767cca	28	1	runs	train	67c6c433bcae92dc	rename#7	-
68b7a8fe9e0ee036	66	1	faults	train	-	-	programs/applang/src/tests.rs:340
68dfd41ce03d7f7d	75	1	faults	train	68b7a8fe9e0ee036	rename#1	-
0e9824db866a9ac3	75	1	faults	train	68b7a8fe9e0ee036	rename#2	-
a6c00add0ac4a6e2	66	1	faults	train	68b7a8fe9e0ee036	rename#3	-
e379d35ab8033980	63	1	faults	train	68b7a8fe9e0ee036	rename#4	-
d733fefe5b46ed55	66	1	faults	train	68b7a8fe9e0ee036	rename#5	-
62b0dc0cff8e21cb	75	1	faults	train	68b7a8fe9e0ee036	rename#7	-
69a36cc90959318b	80	4	faults	train	-	-	programs/studio/src/tests.rs:496
d446c37be6bf97ad	94	4	faults	train	69a36cc90959318b	rename#1	-
b6515f559ec9945d	88	4	faults	train	69a36cc90959318b	rename#2	-
4087796ed236b24b	90	4	faults	train	69a36cc90959318b	rename#3	-
795deaadfc01ad37	80	4	faults	train	69a36cc90959318b	rename#4	-
2ef94bb55f8170f1	88	4	faults	train	69a36cc90959318b	rename#5	-
f33bb4d93fa1eedf	98	4	faults	train	69a36cc90959318b	rename#6	-
cc12d20599c608dd	84	4	faults	train	69a36cc90959318b	rename#7	-
6a7fda47e3a0b0da	497	9	faults	train	-	-	programs/applang-syntax/src/tests.rs:161
d91672d6908dd9b8	472	9	faults	train	6a7fda47e3a0b0da	rename#1	-
89db74871fc56f5e	478	9	faults	train	6a7fda47e3a0b0da	rename#2	-
9e00af6932f346bb	510	9	faults	train	6a7fda47e3a0b0da	rename#3	-
610e7ef6f667d7a9	502	9	faults	train	6a7fda47e3a0b0da	rename#4	-
6f715b84bb92bdc1	501	9	faults	train	6a7fda47e3a0b0da	rename#5	-
f3a4378655b974f0	522	9	faults	train	6a7fda47e3a0b0da	rename#6	-
523953b7f49cb85d	498	9	faults	train	6a7fda47e3a0b0da	rename#7	-
6b1a8e916d424d73	260	13	runs	train	-	-	programs/studio/samples/counter.app:1
6a3a7792d2b41fd7	260	13	runs	train	6b1a8e916d424d73	rename#1	-
3147950596a91203	228	13	runs	train	6b1a8e916d424d73	rename#2	-
38bea86e647fca73	260	13	runs	train	6b1a8e916d424d73	rename#3	-
5e6a36742a987853	268	13	runs	train	6b1a8e916d424d73	rename#4	-
cd1c820423a1933d	260	13	runs	train	6b1a8e916d424d73	rename#5	-
f6aaea2037bc7897	268	13	runs	train	6b1a8e916d424d73	rename#6	-
c6f3ba9a83e14573	228	13	runs	train	6b1a8e916d424d73	rename#7	-
72a864f06206972d	1890	87	runs	train	-	-	programs/coder/tests/fixtures/snake-1.txt:2
c81c1540ab788cd1	2017	87	runs	train	72a864f06206972d	rename#1	-
7c362138b6e6edb3	1958	87	runs	train	72a864f06206972d	rename#2	-
3afb1bc98210e817	1981	87	runs	train	72a864f06206972d	rename#3	-
a3cb2b327cdeab05	1961	87	runs	train	72a864f06206972d	rename#4	-
9348d37f14c2a25a	1907	87	runs	train	72a864f06206972d	rename#5	-
4e5db1d12fa31a0d	2009	87	runs	train	72a864f06206972d	rename#6	-
0466cddcbfe413f7	2002	87	runs	train	72a864f06206972d	rename#7	-
747487b7079d288a	28	2	runs	train	-	-	programs/studio/src/tests.rs:489
811bc43958038022	34	2	runs	train	747487b7079d288a	rename#1	-
bae1f7b5a45c01d4	28	2	runs	train	747487b7079d288a	rename#2	-
b9e0981381ef2a82	34	2	runs	train	747487b7079d288a	rename#3	-
9dc2be470ddf7406	34	2	runs	train	747487b7079d288a	rename#4	-
8ec246178406eef6	30	2	runs	train	747487b7079d288a	rename#5	-
2d73ca170460aeca	36	2	runs	train	747487b7079d288a	rename#6	-
64cb147cce04916a	30	2	runs	train	747487b7079d288a	rename#7	-
7a853bbc9c290efc	2081	82	runs	held	-	-	programs/applang/tests/breakout.app:1
92d7b938ceef1bbe	2109	82	runs	held	7a853bbc9c290efc	rename#1	-
d043579aa4f4e296	2196	82	runs	held	7a853bbc9c290efc	rename#2	-
344af42f26fc2b5f	2073	82	runs	held	7a853bbc9c290efc	rename#3	-
c8cd2a6fa57d6a32	2130	82	runs	held	7a853bbc9c290efc	rename#4	-
713d7ff401ef84bc	2145	82	runs	held	7a853bbc9c290efc	rename#5	-
f8e172b183264642	2181	82	runs	held	7a853bbc9c290efc	rename#6	-
5359b21ff5d41232	2167	82	runs	held	7a853bbc9c290efc	rename#7	-
7e93169e4f9de408	41	3	runs	held	-	-	crates/icons/src/made/tests.rs:120
80a9eb698937d26a	30	4	runs	held	-	-	crates/text/src/tests.rs:397,crates/text/src/tests.rs:398,crates/text/src/tests.rs:401,crates/text/src/tests.rs:402
81264ba2a9397688	95	2	runs	train	-	-	programs/applang/src/tests.rs:105
5c5cf9c1ee7895c3	107	2	runs	train	81264ba2a9397688	rename#1	-
aacff2e74ee1fe95	107	2	runs	train	81264ba2a9397688	rename#2	-
92cff9023475cd66	104	2	runs	train	81264ba2a9397688	rename#3	-
89065fbabe63249a	95	2	runs	train	81264ba2a9397688	rename#4	-
6d2bac0f6c02e837	98	2	runs	train	81264ba2a9397688	rename#5	-
185a33b1ebfa2fcc	101	2	runs	train	81264ba2a9397688	rename#6	-
e4b5e88fd6d4db8b	104	2	runs	train	81264ba2a9397688	rename#7	-
8298716d0e2bd241	34	1	runs	train	-	-	programs/applang/src/tests.rs:129
843fec6033f4510d	163	2	runs	train	-	-	programs/applang/src/tests.rs:683
16f663291a59a58d	191	2	runs	train	843fec6033f4510d	rename#1	-
f046a5a9bf35d2d1	186	2	runs	train	843fec6033f4510d	rename#2	-
40b507e8434113b0	179	2	runs	train	843fec6033f4510d	rename#3	-
1e1363e9d80a4193	180	2	runs	train	843fec6033f4510d	rename#4	-
56e0db869122a189	183	2	runs	train	843fec6033f4510d	rename#5	-
608c63270c57feca	185	2	runs	train	843fec6033f4510d	rename#6	-
fda696d8135e5ec1	192	2	runs	train	843fec6033f4510d	rename#7	-
848c4050683771a5	154	2	faults	train	-	-	programs/applang/src/tests.rs:348
d9e59aa78f38aa23	167	2	faults	train	848c4050683771a5	rename#1	-
e8fb2a3fd175b4a5	173	2	faults	train	848c4050683771a5	rename#2	-
6c44af0b566b9ef4	175	2	faults	train	848c4050683771a5	rename#3	-
ef07f4721d3695c8	169	2	faults	train	848c4050683771a5	rename#4	-
b92a28cd4b80669c	183	2	faults	train	848c4050683771a5	rename#5	-
ee8be1cfc36e66e6	182	2	faults	train	848c4050683771a5	rename#6	-
942b06a9456c498d	170	2	faults	train	848c4050683771a5	rename#7	-
84b13c0d9663a1ca	344	5	faults	train	-	-	programs/applang-syntax/src/tests.rs:140
3a38886b0b8a0da9	403	5	faults	train	84b13c0d9663a1ca	rename#1	-
1c1c333a05de1683	392	5	faults	train	84b13c0d9663a1ca	rename#2	-
9f03eff76caf8c13	413	5	faults	train	84b13c0d9663a1ca	rename#3	-
a4f0523fd938573b	377	5	faults	train	84b13c0d9663a1ca	rename#4	-
190beebe09dd7dfd	391	5	faults	train	84b13c0d9663a1ca	rename#5	-
b95bf51f05b9cf24	419	5	faults	train	84b13c0d9663a1ca	rename#6	-
5a25282d00d6ae5c	399	5	faults	train	84b13c0d9663a1ca	rename#7	-
8560a6dc01bb3ca9	61	1	faults	train	-	-	programs/applang/src/tests.rs:114
d8d44d85f6a6cfdb	65	1	faults	train	8560a6dc01bb3ca9	rename#1	-
ba254a1af27d6389	61	1	faults	train	8560a6dc01bb3ca9	rename#2	-
bdff90a1503ce737	73	1	faults	train	8560a6dc01bb3ca9	rename#3	-
180a105807e92b71	77	1	faults	train	8560a6dc01bb3ca9	rename#4	-
3f480cff9fd1c6db	65	1	faults	train	8560a6dc01bb3ca9	rename#5	-
3b70cb2713469229	69	1	faults	train	8560a6dc01bb3ca9	rename#6	-
39f1f48b58c4ccc3	73	1	faults	train	8560a6dc01bb3ca9	rename#7	-
865d4ace5037c42f	19	3	runs	train	-	-	crates/text/src/tests.rs:389,crates/text/src/tests.rs:395
8ebd711740b693d6	12	1	runs	train	-	-	programs/coder/src/tests.rs:188
90f397bdf446ec7a	46	1	runs	train	-	-	programs/applang-syntax/src/tests.rs:57
ae9295311fe481c2	52	1	runs	train	90f397bdf446ec7a	rename#1	-
82ad69a2442147d2	54	1	runs	train	90f397bdf446ec7a	rename#2	-
ba9d192ae218d774	46	1	runs	train	90f397bdf446ec7a	rename#3	-
92b2b25663a22e5a	50	1	runs	train	90f397bdf446ec7a	rename#4	-
6260e8816c57d16e	48	1	runs	train	90f397bdf446ec7a	rename#5	-
4ce10d3550e1b152	46	1	runs	train	90f397bdf446ec7a	rename#6	-
869dda38acca1882	46	1	runs	train	90f397bdf446ec7a	rename#7	-
975121a714f43034	22	2	runs	train	-	-	programs/coder/src/tests.rs:288
faef4616f83cda03	23	2	runs	train	975121a714f43034	rename#1	-
1eac8d94ec032e7d	28	2	runs	train	975121a714f43034	rename#2	-
35e02d34dbba13e4	25	2	runs	train	975121a714f43034	rename#3	-
e9d6cd050ba43e73	25	2	runs	train	975121a714f43034	rename#4	-
120b7241065c979d	26	2	runs	train	975121a714f43034	rename#5	-
b9bb7c71e29c64cc	26	2	runs	train	975121a714f43034	rename#6	-
98d4a3120e2d71c5	156	2	faults	train	-	-	programs/applang/src/tests.rs:675
0373744930414815	180	2	faults	train	98d4a3120e2d71c5	rename#1	-
910b2b6eb640a491	184	2	faults	train	98d4a3120e2d71c5	rename#2	-
73eb55e19f280709	170	2	faults	train	98d4a3120e2d71c5	rename#3	-
01497690d6bc3ac1	172	2	faults	train	98d4a3120e2d71c5	rename#4	-
8e374fd7c50782ad	166	2	faults	train	98d4a3120e2d71c5	rename#5	-
76155e67f9a3d291	178	2	faults	train	98d4a3120e2d71c5	rename#6	-
24a94ddd31a03ad7	166	2	faults	train	98d4a3120e2d71c5	rename#7	-
a07ced0ab1978c5f	308	5	runs	train	-	-	programs/applang-syntax/src/tests.rs:45
8861156b90a935ee	311	5	runs	train	a07ced0ab1978c5f	rename#1	-
77fcf276e1a17d37	286	5	runs	train	a07ced0ab1978c5f	rename#2	-
dfd550a6690787d3	288	5	runs	train	a07ced0ab1978c5f	rename#3	-
ab2fda3203606201	316	5	runs	train	a07ced0ab1978c5f	rename#4	-
4b034a173ae0ff2e	306	5	runs	train	a07ced0ab1978c5f	rename#5	-
8ee07e523a9ba15a	290	5	runs	train	a07ced0ab1978c5f	rename#6	-
490a642b3b5158f0	311	5	runs	train	a07ced0ab1978c5f	rename#7	-
a31dd09a20414b21	22	4	runs	train	-	-	crates/text/src/tests.rs:396
a78e79a645381913	527	11	runs	train	-	-	programs/applang/src/tests.rs:563
a98cbbc18f3044e4	557	11	runs	train	a78e79a645381913	rename#1	-
ecb343a969bd049d	551	11	runs	train	a78e79a645381913	rename#2	-
a6b37311b85c861a	545	11	runs	train	a78e79a645381913	rename#3	-
e6a3b960b40571d4	537	11	runs	train	a78e79a645381913	rename#4	-
d75f4fcf0d9001c5	538	11	runs	train	a78e79a645381913	rename#5	-
4813ea78bfe38487	553	11	runs	train	a78e79a645381913	rename#6	-
2c86c5eef5d4dae1	561	11	runs	train	a78e79a645381913	rename#7	-
a8ee8f3753803a39	185	3	faults	train	-	-	programs/applang/src/tests.rs:355
589077f68d07f047	169	3	faults	train	a8ee8f3753803a39	rename#1	-
ebbae5cf4d789dfc	172	3	faults	train	a8ee8f3753803a39	rename#2	-
a4bb6e30a6821a7a	169	3	faults	train	a8ee8f3753803a39	rename#3	-
f09a8014ddc73b9f	172	3	faults	train	a8ee8f3753803a39	rename#4	-
6a70baa835510630	174	3	faults	train	a8ee8f3753803a39	rename#5	-
6712b1e0a0ba95f2	172	3	faults	train	a8ee8f3753803a39	rename#6	-
c976a43cf40bcab9	181	3	faults	train	a8ee8f3753803a39	rename#7	-
b23b55d595589bc6	90	1	faults	held	-	-	programs/applang/src/tests.rs:604
585af9bfb562f1b2	112	1	faults	held	b23b55d595589bc6	rename#1	-
13af05838c6e80c4	112	1	faults	held	b23b55d595589bc6	rename#2	-
6701b13c118e667c	110	1	faults	held	b23b55d595589bc6	rename#3	-
71d7fb7ddac457fa	108	1	faults	held	b23b55d595589bc6	rename#4	-
5db9a4519f561b48	100	1	faults	held	b23b55d595589bc6	rename#5	-
0ac84c64a9765158	96	1	faults	held	b23b55d595589bc6	rename#6	-
19dfae2180e62808	110	1	faults	held	b23b55d595589bc6	rename#7	-
b4a788a2506ec9ab	45	1	runs	train	-	-	programs/applang/src/tests.rs:528
b2a66072fdd9cc65	47	1	runs	train	b4a788a2506ec9ab	rename#1	-
98702d017deca23d	55	1	runs	train	b4a788a2506ec9ab	rename#2	-
9053e93d8d02f275	53	1	runs	train	b4a788a2506ec9ab	rename#3	-
92996386edbbc45b	45	1	runs	train	b4a788a2506ec9ab	rename#4	-
9f6216b5654e3abd	53	1	runs	train	b4a788a2506ec9ab	rename#5	-
11d491f2593f7469	51	1	runs	train	b4a788a2506ec9ab	rename#6	-
291de52f492f413b	53	1	runs	train	b4a788a2506ec9ab	rename#7	-
b89323a175d4bcf6	32	3	runs	held	-	-	programs/coder/src/tests.rs:552
101b67e25f45259a	34	3	runs	held	b89323a175d4bcf6	rename#1	-
79adfb413194446c	40	3	runs	held	b89323a175d4bcf6	rename#2	-
e0afb7942660f696	40	3	runs	held	b89323a175d4bcf6	rename#3	-
4652aeb2bf3818d2	38	3	runs	held	b89323a175d4bcf6	rename#4	-
acb82f88260bdad6	38	3	runs	held	b89323a175d4bcf6	rename#5	-
d593d60ced053816	38	3	runs	held	b89323a175d4bcf6	rename#6	-
3a865ae50309756e	34	3	runs	held	b89323a175d4bcf6	rename#7	-
be6f85e02bc15e01	275	5	faults	train	-	-	programs/applang/src/tests.rs:217
f08394521b488407	254	5	faults	train	be6f85e02bc15e01	rename#1	-
0ee3e4508b87ff0d	251	5	faults	train	be6f85e02bc15e01	rename#2	-
4c9a87cebdbcdef5	281	5	faults	train	be6f85e02bc15e01	rename#3	-
922e2a71b2be6cfd	272	5	faults	train	be6f85e02bc15e01	rename#4	-
75ba4667872ad4b5	265	5	faults	train	be6f85e02bc15e01	rename#5	-
796c23615da5cdfc	279	5	faults	train	be6f85e02bc15e01	rename#6	-
c8bc8fd65c800ea7	261	5	faults	train	be6f85e02bc15e01	rename#7	-
beaf91a19fa21e55	63	1	faults	train	-	-	programs/applang/src/tests.rs:95
c2f6d9e1dcd9e0db	10	1	runs	train	-	-	programs/studio/src/tests.rs:560
c4070806e701a741	149	2	runs	train	-	-	programs/applang/src/tests.rs:534
c41b1bce814a36b8	48	3	faults	train	-	-	programs/coder/src/tests.rs:13
0a72b592a9a0a00e	58	3	faults	train	c41b1bce814a36b8	rename#1	-
f1a6ed910b7f61f2	54	3	faults	train	c41b1bce814a36b8	rename+states#2	-
c4d84cf287e8a55e	58	3	faults	train	c41b1bce814a36b8	rename#3	-
12d3bc816a10640e	56	3	faults	train	c41b1bce814a36b8	rename+states#4	-
2e8703f6a2c5d2ce	62	3	faults	train	c41b1bce814a36b8	rename#5	-
19eaf3c4c9ef39a4	60	3	faults	train	c41b1bce814a36b8	rename#6	-
8ec9229e9275b714	52	3	faults	train	c41b1bce814a36b8	rename#7	-
c7a89cabb6c8dff0	58	1	faults	train	-	-	programs/applang/src/tests.rs:286
318582b0176cdc34	70	1	faults	train	c7a89cabb6c8dff0	rename#1	-
58e121f83fda2163	61	1	faults	train	c7a89cabb6c8dff0	rename#2	-
6ef666d8923db245	58	1	faults	train	c7a89cabb6c8dff0	rename#3	-
353139839c99aaf3	67	1	faults	train	c7a89cabb6c8dff0	rename#4	-
26c02620c23cf018	67	1	faults	train	c7a89cabb6c8dff0	rename#5	-
9ed09a9a44157b0c	67	1	faults	train	c7a89cabb6c8dff0	rename#6	-
50ca796afae15cf7	70	1	faults	train	c7a89cabb6c8dff0	rename#7	-
cb9082a6d282c214	31	5	runs	train	-	-	crates/text/src/tests.rs:400
cd271f6145d7cab3	50	1	runs	train	-	-	programs/applang-syntax/src/tests.rs:58
cda31e3816b7c6b7	22	2	runs	train	-	-	crates/kernel/src/tests/snap.rs:29,programs/coder/src/tests.rs:422
60813512b94e0f77	30	2	runs	train	cda31e3816b7c6b7	rename#1	-
fbbc776a1132a6bf	22	2	runs	train	cda31e3816b7c6b7	rename#2	-
5023e5ea44adc691	30	2	runs	train	cda31e3816b7c6b7	rename#3	-
f94295225dfc7d1b	32	2	runs	train	cda31e3816b7c6b7	rename#4	-
d9a857174995355b	30	2	runs	train	cda31e3816b7c6b7	rename#5	-
95ef0d2e9f5f8b7b	24	2	runs	train	cda31e3816b7c6b7	rename#6	-
94af6be3167f676d	30	2	runs	train	cda31e3816b7c6b7	rename#7	-
d35b829b82dd793a	55	1	faults	train	-	-	programs/applang/src/tests.rs:210
722288c3d3de8972	57	1	faults	train	d35b829b82dd793a	rename#1	-
e113a1a68b36df18	63	1	faults	train	d35b829b82dd793a	rename#2	-
48c2146acc273e54	63	1	faults	train	d35b829b82dd793a	rename#3	-
c1f4ff49342bd6f6	55	1	faults	train	d35b829b82dd793a	rename#4	-
1dba33d0c0942626	63	1	faults	train	d35b829b82dd793a	rename#5	-
0918e131da67fc46	61	1	faults	train	d35b829b82dd793a	rename#6	-
b1cd843f14a9dc2a	55	1	faults	train	d35b829b82dd793a	rename#7	-
d76140bd2085464b	42	3	runs	train	-	-	crates/icons/src/made/tests.rs:111
da22c34d15188639	1667	54	runs	train	-	-	programs/applang/tests/tictactoe.app:1
5e7cc05a354e7065	1763	54	runs	train	da22c34d15188639	rename#1	-
af7f37adec1a5278	1789	54	runs	train	da22c34d15188639	rename#2	-
a2aa3ba0dcfb600b	1783	54	runs	train	da22c34d15188639	rename#3	-
e5f884a8746ee73f	1776	54	runs	train	da22c34d15188639	rename#4	-
0e27906c4875a22e	1702	54	runs	train	da22c34d15188639	rename#5	-
0c47702a8f408c28	1686	54	runs	train	da22c34d15188639	rename#6	-
3b6b783b775e63b9	1806	54	runs	train	da22c34d15188639	rename#7	-
e1d854ef30992c4d	15	1	runs	train	-	-	programs/coder/src/tests.rs:279,programs/coder/src/tests.rs:673
e25da23ed0ca78ed	96	1	runs	train	-	-	programs/applang-syntax/src/tests.rs:66
a57f17ec010e3759	112	1	runs	train	e25da23ed0ca78ed	rename#1	-
9d49925fb7187639	112	1	runs	train	e25da23ed0ca78ed	rename#2	-
31ff8e65bb712f21	96	1	runs	train	e25da23ed0ca78ed	rename#3	-
210485bb1be6dc51	112	1	runs	train	e25da23ed0ca78ed	rename#4	-
47cd4500bec47923	116	1	runs	train	e25da23ed0ca78ed	rename#5	-
4d19b5694e2e060d	104	1	runs	train	e25da23ed0ca78ed	rename#6	-
5897be763e9f7c1f	108	1	runs	train	e25da23ed0ca78ed	rename#7	-
e38958657d70752b	10	2	runs	train	-	-	crates/host/src/tests.rs:289
e4753129205e50bd	237	5	runs	train	-	-	programs/studio/src/tests.rs:746
407f375700bde0f8	231	5	runs	train	e4753129205e50bd	rename#1	-
589e2869eb90822f	228	5	runs	train	e4753129205e50bd	rename#2	-
2ae41d78047fba02	240	5	runs	train	e4753129205e50bd	rename#3	-
b30c3fe3036e5c7b	225	5	runs	train	e4753129205e50bd	rename#4	-
143be4a9b6872b0c	228	5	runs	train	e4753129205e50bd	rename#5	-
56e73ff2f5505634	225	5	runs	train	e4753129205e50bd	rename#6	-
985ce8939404aaee	240	5	runs	train	e4753129205e50bd	rename#7	-
e68006970d940c51	103	2	runs	train	-	-	programs/applang/src/tests.rs:182
b77eaad30d6d3a2d	99	2	runs	train	e68006970d940c51	rename#1	-
b1bab09807f616d1	89	2	runs	train	e68006970d940c51	rename#2	-
c82ed8e1c0ead731	103	2	runs	train	e68006970d940c51	rename#3	-
ebe865e865746c5d	95	2	runs	train	e68006970d940c51	rename#4	-
40f4c60511721b99	93	2	runs	train	e68006970d940c51	rename#5	-
588acd258f6c2287	93	2	runs	train	e68006970d940c51	rename#6	-
f5595783466f05eb	99	2	runs	train	e68006970d940c51	rename#7	-
e834c157e028162e	236	3	faults	train	-	-	programs/applang/src/tests.rs:362
1e2356a7a206ae58	235	3	faults	train	e834c157e028162e	rename#1	-
d2294d111868a3f7	202	3	faults	train	e834c157e028162e	rename#2	-
74066dbc45e0def3	229	3	faults	train	e834c157e028162e	rename#3	-
fe12c9d998528df2	218	3	faults	train	e834c157e028162e	rename#4	-
53bcb66ec389b208	233	3	faults	train	e834c157e028162e	rename#5	-
86098bd7a1b33338	216	3	faults	train	e834c157e028162e	rename#6	-
366935ced85567f6	236	3	faults	train	e834c157e028162e	rename#7	-
e9923350da40ce14	323	6	faults	train	-	-	programs/applang/src/tests.rs:62
6d6dc1deecd1f13c	369	6	faults	train	e9923350da40ce14	rename#1	-
6a8a625557e6a748	331	6	faults	train	e9923350da40ce14	rename#2	-
1fdbd7f6b19703e4	337	6	faults	train	e9923350da40ce14	rename#3	-
48afb175fcec18bc	361	6	faults	train	e9923350da40ce14	rename#4	-
79f045112b2b4096	353	6	faults	train	e9923350da40ce14	rename#5	-
1f18cdb1df10855e	345	6	faults	train	e9923350da40ce14	rename#6	-
439b54caac72364e	357	6	faults	train	e9923350da40ce14	rename#7	-
eb16cf00f78ea22f	35	3	runs	train	-	-	crates/icons/src/made/tests.rs:109
f1ae551ab126ceb4	775	38	runs	train	-	-	programs/applang/shots/todo.app:1
8a0cde5d31109e4c	769	38	runs	train	f1ae551ab126ceb4	rename#1	-
afe6a015c54707a3	806	38	runs	train	f1ae551ab126ceb4	rename#2	-
5e1a58b4f554c845	805	38	runs	train	f1ae551ab126ceb4	rename#3	-
445caa5cb389b770	807	38	runs	train	f1ae551ab126ceb4	rename#4	-
4c204ac173459223	777	38	runs	train	f1ae551ab126ceb4	rename#5	-
50d79f2daf458dbb	796	38	runs	train	f1ae551ab126ceb4	rename#6	-
9b37f8adf851f02b	818	38	runs	train	f1ae551ab126ceb4	rename#7	-
f30854916e8e7d30	30	1	runs	held	-	-	crates/icons/src/made/tests.rs:127
f37cf8c3496be37b	35	1	runs	train	-	-	programs/coder/src/tests.rs:187
999bf436cddea8f3	35	1	runs	train	f37cf8c3496be37b	rename#1	-
d3c2dca65e6e2bff	43	1	runs	train	f37cf8c3496be37b	rename#3	-
d0d0fedab96f6f97	43	1	runs	train	f37cf8c3496be37b	rename#4	-
09edf8ef5735cfe9	41	1	runs	train	f37cf8c3496be37b	rename#5	-
95e392ea9dd03e07	35	1	runs	train	f37cf8c3496be37b	rename#7	-
